date,symbol,open,high,low,close,volume,adv,daily_volatility
2025-01-02,AAPL,247.809,247.978,240.733,242.752,55992832.0,13592371953.664001,0.02
2025-01-02,AMZN,222.03,225.15,218.19,220.22,33956579.0,7477917827.38,0.02
2025-01-02,GOOGL,190.65,192.0,187.5,189.43,20370828.0,3858845948.04,0.02
2025-01-02,HD,392.195,392.67,386.38,388.46,2418343.0,939429521.78,0.02
2025-01-02,JNJ,145.21,145.77,143.78,144.02,6051330.0,871512546.6,0.02
2025-01-02,JPM,240.96,243.276,239.45,240.0,9220914.0,2213019360.0,0.02
2025-01-02,META,589.72,604.91,587.82,599.24,12682269.0,7599722875.56,0.02
2025-01-02,MSFT,425.53,426.07,414.85,418.58,16896469.0,7072523994.0199995,0.02
2025-01-02,NVDA,136.0,138.88,134.63,138.31,198247166.0,27419565529.46,0.02
2025-01-02,PG,168.085,168.7052,165.91,165.98,5401712.0,896576157.76,0.02
2025-01-02,UNH,502.52,506.337,497.616,498.822,4285712.0,2137807431.264,0.02
2025-01-02,XOM,108.275,109.0,106.88,107.31,12685447.0,1361275317.57,0.02
2025-01-03,AAPL,242.265,243.081,240.801,242.265,40426127.0,11693103805.6595,0.02
2025-01-03,AMZN,222.505,225.36,221.62,224.19,27515606.0,6823320768.26,0.02
2025-01-03,GOOGL,191.37,193.21,189.975,191.79,18596159.0,3712701641.325,0.02
2025-01-03,HD,390.49,391.01,385.81,389.18,2232389.0,904115336.4,0.02
2025-01-03,JNJ,144.07,144.575,143.62,144.19,5879816.0,859661607.8199999,0.02
2025-01-03,JPM,243.88,244.88,240.26,243.28,9491053.0,2261001366.92,0.02
2025-01-03,META,604.76,609.5,596.4136,604.63,11436784.0,7257372792.74,0.02
2025-01-03,MSFT,421.08,424.03,419.54,423.35,16662943.0,7063390456.535,0.02
2025-01-03,NVDA,140.01,144.9,139.73,144.47,229322478.0,30274891963.059998,0.02
2025-01-03,PG,166.25,166.5,164.25,165.13,5256807.0,882316348.835,0.02
2025-01-03,UNH,499.682,510.469,499.682,507.216,3054869.0,1843642932.984,0.02
2025-01-03,XOM,108.0,108.49,107.46,107.86,14237885.0,1448486796.835,0.02
2025-01-06,AAPL,243.21,246.215,242.105,243.897,45249300.0,11474125377.806334,0.0061819430175505735
2025-01-06,AMZN,226.78,228.835,224.84,227.61,31849831.0,6965327190.143333,0.0019604602079691283
2025-01-06,GOOGL,193.98,198.222,193.85,196.87,29563638.0,4415198898.57,0.009919913285955892
2025-01-06,HD,390.0,393.99,388.03,389.37,3274669.0,1027762847.11,0.0009653893526517185
2025-01-06,JNJ,143.755,144.815,142.93,143.66,7910493.0,951914880.0066667,0.0034337793156658525
2025-01-06,JPM,243.695,245.69,240.58,240.85,9917836.0,2303571178.146667,0.016726722133151906
2025-01-06,META,611.825,630.99,605.62,630.2,14560754.0,7896977585.426667,0.02354354430432331
2025-01-06,MSFT,428.0,434.32,425.4774,427.85,20573648.0,7643072069.956668,0.0005417628025296944
2025-01-06,NVDA,148.59,152.156,147.82,149.43,265377359.0,33401707560.49667,0.00721619830158852
2025-01-06,PG,162.81,163.5,160.44,160.6,8731671.0,1055646353.4233333,0.015776848204314735
2025-01-06,UNH,507.216,514.434,504.075,507.879,4495518.0,1990155017.43,0.01097465823067102
2025-01-06,XOM,108.24,109.78,107.52,107.74,15623677.0,1526756184.55,0.004410855108569434
2025-01-07,AAPL,241.886,244.444,240.263,241.119,41040741.0,11079519640.6495,0.0090651300406165
2025-01-07,AMZN,227.9,228.381,221.46,222.11,28084164.0,6783438809.1175,0.023599708057671497
2025-01-07,GOOGL,197.11,201.0,194.6,195.49,26487244.0,4605897006.3175,0.016821944115831208
2025-01-07,HD,390.6,391.9,383.1,384.23,2274312.0,989286860.2725,0.00832550928170627
2025-01-07,JNJ,143.755,147.18,143.59,146.23,8422010.0,1021823790.5799999,0.011312464448302776
2025-01-07,JPM,242.0,245.26,240.9,243.17,8753357.0,2259816839.0325,0.012654550184846949
2025-01-07,META,631.7,632.1011,608.23,617.89,12071479.0,7787444728.897501,0.030942524186574036
2025-01-07,MSFT,429.0,430.65,420.8,422.37,18139065.0,7647653273.4800005,0.01375828774756502
2025-01-07,NVDA,153.03,153.13,140.01,140.14,351782174.0,37375969136.4625,0.05888294191244214
2025-01-07,PG,161.46,162.61,160.74,161.3,8447744.0,1132390041.8675,0.016321706390970015
2025-01-07,UNH,513.0,513.643,505.457,508.453,3959181.0,1995880627.32075,0.009012284805306303
2025-01-07,XOM,108.94,110.06,108.28,108.75,12625890.0,1488333522.7875,0.005274823714479914
2025-01-08,AAPL,240.831,242.615,238.969,241.608,37799126.0,10690129959.4412,0.007700370829818993
2025-01-08,AMZN,223.185,223.52,220.2,222.13,25033292.0,6538880077.686,0.019325427691751523
2025-01-08,GOOGL,192.57,196.29,192.38,193.95,24864766.0,4649221878.194,0.016565841488664173
2025-01-08,HD,384.0,387.69,380.1,387.2,2848462.0,1012014385.4979999,0.008855051782062752
2025-01-08,JNJ,145.38,145.59,141.44,142.27,11175552.0,1135448189.072,0.01856658142176835
2025-01-08,JPM,242.75,244.25,240.5,243.13,8675284.0,2229697831.0099998,0.010585445412332918
2025-01-08,META,613.395,616.4397,602.79,610.72,10085846.0,7461881356.941999,0.02759290730029273
2025-01-08,MSFT,423.46,426.97,421.54,424.56,15054575.0,7396436691.184,0.011283153028825215
2025-01-08,NVDA,142.58,143.95,137.56,140.11,227349948.0,36271575552.026,0.04816452940010943
2025-01-08,PG,160.99,162.4,160.565,162.1,4974783.0,1067194498.3540001,0.015137302575988736
2025-01-08,UNH,508.695,518.754,503.768,518.607,4188954.0,2031188675.2722,0.010001974565216658
2025-01-08,XOM,107.31,107.71,106.01,106.93,17858110.0,1572580358.69,0.011440643970603133
2025-01-10,AAPL,238.929,239.078,231.95,235.783,61989958.0,11344471344.053333,0.012240294380927297
2025-01-10,AMZN,221.46,221.71,216.5,218.94,36811525.0,6792319278.655,0.018320354222114157
2025-01-10,GOOGL,194.295,196.52,190.31,192.04,26665206.0,4727815925.201667,0.016004502036288226
2025-01-10,HD,390.0,392.91,384.615,389.89,5323431.0,1189270740.0133333,0.008411806482966896
2025-01-10,JNJ,141.0,143.67,140.68,142.06,8821541.0,1155071509.97,0.016092121801206106
2025-01-10,JPM,243.44,243.81,238.74,239.87,10256829.0,2268132454.5466666,0.01182300720272861
2025-01-10,META,610.03,629.91,597.34,615.86,19256564.0,8194792381.625,0.023943902664896696
2025-01-10,MSFT,424.63,424.71,415.02,418.95,20201132.0,7574241284.553333,0.012329859818122105
2025-01-10,NVDA,137.45,139.92,134.22,135.91,207602514.0,34928855906.31167,0.04441172911158758
2025-01-10,PG,160.3,161.21,157.47,158.56,8501525.0,1113995715.9616668,0.014941289111252556
2025-01-10,UNH,520.703,529.413,512.625,514.819,5529876.0,2167138101.4675,0.011558577515816348
2025-01-10,XOM,108.7,110.1,105.78,106.54,19304499.0,1653267186.1516666,0.0099872732510303
2025-01-13,AAPL,232.479,233.614,228.685,233.345,49855192.0,11385755405.937143,0.01110738310638604
2025-01-13,AMZN,218.06,219.4,216.47,218.46,27262655.0,6672816469.032858,0.016393086395163865
2025-01-13,GOOGL,190.07,191.18,187.36,191.01,21823699.0,4647920042.457143,0.014701603598685664
2025-01-13,HD,389.99,395.86,387.7,389.18,3512936.0,1214684124.6514285,0.007597378512543351
2025-01-13,JNJ,142.875,145.07,142.31,144.47,10376377.0,1204214892.1442857,0.016467340372274968
2025-01-13,JPM,239.67,244.54,239.0,244.21,10005315.0,2293170386.2042856,0.012911383031673235
2025-01-13,META,607.1,608.97,598.445,608.33,10785031.0,7961373171.14,0.02263374580041417
2025-01-13,MSFT,415.235,418.5,412.29,417.19,17604780.0,7541426553.645715,0.011176043048217925
2025-01-13,NVDA,129.99,133.49,129.51,133.23,204808914.0,33837118150.012856,0.040326252143898934
2025-01-13,PG,159.35,160.09,158.41,158.84,6772198.0,1108524318.0128572,0.014069978154493646
2025-01-13,UNH,529.013,541.229,527.129,535.039,6546269.0,2357905404.0422854,0.016946072130560996
2025-01-13,XOM,107.125,109.63,107.125,109.29,17073395.0,1683650636.637143,0.014254937796590993
2025-01-14,AAPL,233.693,235.057,231.426,232.23,39613650.0,11112470722.6325,0.010160794919413746
2025-01-14,AMZN,220.44,221.82,216.2,217.76,24711650.0,6511365523.40375,0.014983474089490412
2025-01-14,GOOGL,191.24,191.98,188.308,189.66,17174854.0,4474102888.355,0.0138035666136648
2025-01-14,HD,390.67,394.2,389.63,392.78,3405174.0,1230034139.5349998,0.007711040220478974
2025-01-14,JNJ,144.605,144.81,142.86,144.75,8681741.0,1210773281.845,0.015040639176657511
2025-01-14,JPM,242.66,247.72,242.19,247.47,12407386.0,2390331064.60625,0.01242191776538334
2025-01-14,META,605.065,605.49,588.55,594.25,13597992.0,7976277367.9975,0.022858259173875024
2025-01-14,MSFT,417.81,419.74,410.72,415.67,16935856.0,7478714142.38,0.010271139408177673
2025-01-14,NVDA,136.05,136.38,130.05,131.76,195590485.0,32828853669.21125,0.036871284060793444
2025-01-14,PG,158.85,160.07,158.31,159.74,5982254.0,1089409435.00625,0.013736249269688855
2025-01-14,UNH,533.561,538.411,530.501,537.61,4023621.0,2333559589.26325,0.01569820210277909
2025-01-14,XOM,108.79,109.76,107.83,109.72,11191175.0,1626681272.1825001,0.013016417218759948
2025-01-15,AAPL,233.579,237.884,233.375,236.799,40012118.0,10930510590.14911,0.013137882530619852
2025-01-15,AMZN,222.83,223.57,220.75,223.35,31291257.0,6564425159.797778,0.016874820457771063
2025-01-15,GOOGL,193.09,196.36,191.86,195.55,21775969.0,4450123760.532223,0.01679015548725186
2025-01-15,HD,406.65,408.0,401.76,406.09,4584769.0,1300233551.0544443,0.01346161258339391
2025-01-15,JNJ,145.335,146.05,144.26,144.97,7434562.0,1195997189.7666667,0.01392712410367872
2025-01-15,JPM,250.4,253.6699,243.68,252.35,18448520.0,2642014726.538889,0.012703902988402543
2025-01-15,META,610.21,622.46,606.5,617.12,15524302.0,8154508466.024445,0.025347087215187764
2025-01-15,MSFT,419.13,428.15,418.265,426.31,19637838.0,7577946650.757778,0.013361347755528812
2025-01-15,NVDA,133.65,136.45,131.29,136.24,185217338.0,31984982164.756668,0.036993340344033315
2025-01-15,PG,160.59,161.15,159.335,159.65,8059231.0,1111325745.4666667,0.012830684383693388
2025-01-15,UNH,531.039,540.131,528.306,537.293,4150660.0,2322066364.165111,0.015086829915854503
2025-01-15,XOM,110.05,111.73,109.47,111.51,14521095.0,1625855275.6566668,0.012905706225637137
2025-01-16,AAPL,236.282,236.939,227.004,227.232,72083600.0,11475429590.6542,0.0175004402842497
2025-01-16,AMZN,224.42,224.65,220.31,220.66,24757276.0,6454276696.034,0.016454105969849392
2025-01-16,GOOGL,194.14,195.48,192.81,192.91,17815432.0,4348788883.191,0.016766245879700402
2025-01-16,HD,406.625,410.105,403.916,409.33,2305938.0,1264599156.103,0.012616254460274957
2025-01-16,JNJ,144.395,148.07,144.06,147.77,8964016.0,1208858735.2220001,0.014400169874466632
2025-01-16,JPM,254.0,257.035,252.33,254.27,15292348.0,2766651786.481,0.011890669296852686
2025-01-16,META,611.5,616.25,609.71,611.3,8355349.0,7849820103.792,0.024126509801387547
2025-01-16,MSFT,428.695,429.49,424.39,424.58,15300023.0,7469760362.216001,0.012680602351881006
2025-01-16,NVDA,138.64,138.75,133.49,133.57,209235583.0,31581243630.412,0.03513866013617538
2025-01-16,PG,159.62,160.58,159.135,160.5,5774429.0,1092872756.3700001,0.012465240578159576
2025-01-16,UNH,524.371,533.754,504.25,504.833,9163195.0,2552448049.8921,0.02722402032939989
2025-01-16,XOM,111.19,111.69,110.55,111.32,10366585.0,1578670572.311,0.01227023042622503
2025-01-17,AAPL,231.069,231.244,227.452,228.944,68798056.0,11864108912.673273,0.017142797909524162
2025-01-17,AMZN,225.84,226.51,223.08,225.94,42370123.0,6737806595.541819,0.017212989219897914
2025-01-17,GOOGL,196.53,197.23,193.75,196.0,27735089.0,4447633297.81,0.016404552327202525
2025-01-17,HD,412.69,414.45,408.53,409.38,3228960.0,1269805745.9845455,0.012034295502586206
2025-01-17,JNJ,147.375,148.38,146.61,147.03,10773054.0,1242959043.8036363,0.013808015832402883
2025-01-17,JPM,254.1575,260.62,252.14,259.16,17678101.0,2931634047.27,0.011911553892560241
2025-01-17,META,624.05,624.97,603.67,612.77,17280600.0,8098839481.81091,0.022746701479488513
2025-01-17,MSFT,434.085,434.48,428.17,429.03,26197507.0,7812465459.124545,0.01227694365429251
2025-01-17,NVDA,136.69,138.5,135.464,137.71,201188760.0,31228921858.519997,0.03486049851474264
2025-01-17,PG,159.74,161.75,159.6,161.13,7262739.0,1099906608.979091,0.011994216310731552
2025-01-17,UNH,499.919,515.936,497.131,504.013,7581191.0,2667772665.3094544,0.025688154295628415
2025-01-17,XOM,111.03,112.8651,110.82,112.32,19298504.0,1632210335.671818,0.01166895594552715
2025-01-21,AAPL,222.992,223.409,218.392,221.637,98513977.0,12694961696.64625,0.01808157849709058
2025-01-21,AMZN,228.9,231.78,226.94,230.71,39951456.0,6944422747.06,0.017247438629241572
2025-01-21,GOOGL,198.985,202.29,197.87,198.05,29971292.0,4571648388.0425005,0.015702123474503695
2025-01-21,HD,413.0,420.22,413.0,418.43,3568089.0,1288404890.5083332,0.012487938014223248
2025-01-21,JNJ,147.56,148.86,147.05,148.15,11111747.0,1276562899.9908335,0.01320250499100474
2025-01-21,JPM,260.07,264.25,259.5037,263.03,13712114.0,2987889322.1158333,0.011504593730504616
2025-01-21,META,617.825,621.5,609.0082,616.46,11674016.0,8023649850.273334,0.021606045858860175
2025-01-21,MSFT,430.2,430.8999,425.595,428.5,26085703.0,8092903648.822499,0.011702319774238683
2025-01-21,NVDA,139.16,141.83,137.09,140.83,197748985.0,30947260833.439167,0.03376267731491979
2025-01-21,PG,161.42,162.35,160.96,161.72,13914694.0,1195771417.7041667,0.011549197767969024
2025-01-21,UNH,507.903,519.081,507.039,519.071,5746873.0,2694044536.1155834,0.0258443395880167
2025-01-21,XOM,112.05,112.175,111.1305,111.47,20416286.0,1685843091.0675,0.011665488020705312
2025-01-22,AAPL,218.8,223.112,218.8,222.822,64416527.0,12822535364.534538,0.01767093821821762
2025-01-22,AMZN,232.02,235.44,231.19,235.01,41448217.0,7159524495.53,0.016952455593354798
2025-01-22,GOOGL,199.06,200.48,197.53,198.37,26200617.0,4619784388.523077,0.014989458257002443
2025-01-22,HD,417.48,417.55,409.33,410.1,3581351.0,1302274671.6307693,0.014192694940766908
2025-01-22,JNJ,143.8,145.47,142.11,145.27,16834747.0,1366487576.66,0.014111508403824679
2025-01-22,JPM,262.9,263.38,260.25,262.84,9021914.0,2940460903.165385,0.011282545444634352
2025-01-22,META,623.3,633.7,619.435,623.5,12274011.0,7995126466.29077,0.020750702124555404
2025-01-22,MSFT,437.56,447.27,436.0,446.2,27803811.0,8424684942.620769,0.01587396592227666
2025-01-22,NVDA,144.66,147.79,143.67,147.07,237651395.0,31255270820.301537,0.03441364768892808
2025-01-22,PG,167.1,168.14,164.44,164.74,14356691.0,1285721406.753077,0.012566476524540827
2025-01-22,UNH,516.345,518.527,510.182,513.86,3798969.0,2636974818.748231,0.024969516802229797
2025-01-22,XOM,111.2,111.57,109.4,109.53,15718012.0,1688593149.7823079,0.01265756819212984
2025-01-23,AAPL,223.728,226.008,221.299,222.652,60507186.0,12868928979.730072,0.017005952500617347
2025-01-23,AMZN,234.1,235.52,231.51,235.42,26404364.0,7092138129.626429,0.01626525302509258
2025-01-23,GOOGL,198.14,200.3,195.2,197.98,26951357.0,4670930479.261429,0.014444879034004455
2025-01-23,HD,410.59,414.69,408.75,414.39,3840275.0,1322924449.175,0.013684711381171206
2025-01-23,JNJ,145.44,147.91,144.8144,146.64,10506361.0,1378927948.1157146,0.013720571770921623
2025-01-23,JPM,264.69,266.8599,263.81,265.95,10749681.0,2934633528.792857,0.010863945557972881
2025-01-23,META,627.36,636.6,621.15,636.45,9910163.0,7874569093.080714,0.020436011479599402
2025-01-23,MSFT,442.0,446.75,441.5048,446.71,18389270.0,8409683932.555,0.015245102239688592
2025-01-23,NVDA,145.05,147.23,143.72,147.22,155915549.0,30662314841.978573,0.032973863951617347
2025-01-23,PG,163.88,166.48,163.32,166.15,7614308.0,1284249682.999286,0.01229396286969457
2025-01-23,UNH,521.919,525.488,513.465,523.798,4633035.0,2621960507.9040713,0.024344288894943205
2025-01-23,XOM,110.31,111.1425,109.61,110.15,13726784.0,1675979728.912143,0.012166371189096517
2025-01-24,AAPL,223.768,224.614,220.413,221.777,54945292.0,12823373849.340332,0.01635312331968634
2025-01-24,AMZN,234.5,236.4,232.93,234.85,25890738.0,7024691575.604667,0.015761734985073727
2025-01-24,GOOGL,198.1,200.9,198.0,200.21,23877521.0,4678236345.938001,0.014032566330140158
2025-01-24,HD,413.11,415.01,410.755,414.5,2370116.0,1300223691.3633335,0.013210368596093026
2025-01-24,JNJ,146.805,147.631,146.383,146.82,9887682.0,1383780049.6573334,0.013182464935625039
2025-01-24,JPM,263.01,267.1,263.01,264.84,7666261.0,2874346797.7559996,0.01093174406942267
2025-01-24,META,636.4,652.0,634.2,647.49,19065329.0,8172571811.822667,0.019916948233794765
2025-01-24,MSFT,445.16,446.65,441.4,444.06,15549453.0,8309364343.663333,0.01494197551187912
2025-01-24,NVDA,148.37,148.97,141.88,142.62,234657635.0,30849285312.760002,0.033153209491610124
2025-01-24,PG,165.91,165.91,163.2,164.12,6199939.0,1266468636.7113333,0.012265388055936749
2025-01-24,UNH,523.234,528.603,518.597,526.506,3713024.0,2577491768.320067,0.023391174676156423
2025-01-24,XOM,110.24,110.71,108.41,108.66,14235885.0,1667372497.9246666,0.01241095158312056
2025-01-27,AAPL,223.012,231.104,222.972,228.825,95292461.0,13384744070.526875,0.018575122235297326
2025-01-27,AMZN,226.21,235.61,225.86,235.42,49428332.0,7312924472.094376,0.015199920987273545
2025-01-27,GOOGL,192.41,196.88,190.73,191.81,41728893.0,4886097759.7125,0.017998939317267457
2025-01-27,HD,414.75,426.1859,414.0,424.87,3699202.0,1317189707.761875,0.013765924747258363
2025-01-27,JNJ,148.245,153.45,148.0,152.89,15152314.0,1442083627.02,0.016353080670044925
2025-01-27,JPM,264.17,265.97,262.26,265.85,7522258.0,2819687140.9775,0.010568522295110057
2025-01-27,META,626.61,663.87,625.1,659.88,28399190.0,8833039667.15875,0.019502101875210405
2025-01-27,MSFT,424.01,435.2,423.5,434.56,35647805.0,8758223455.984375,0.0158567014605272
2025-01-27,NVDA,124.8,128.4,116.7,118.42,818830895.0,34981577142.33125,0.054788786481488105
2025-01-27,PG,166.72,169.94,166.11,169.66,9170829.0,1284559524.925625,0.014798584957744932
2025-01-27,UNH,533.892,545.682,533.892,537.392,4311568.0,2561211167.2160625,0.02294188886075037
2025-01-27,XOM,109.01,110.4506,108.39,110.17,15926670.0,1672826793.923125,0.012416853743534767
2025-01-28,AAPL,229.81,239.108,229.771,237.187,76049976.0,13658468869.761293,0.020581542855720572
2025-01-28,AMZN,234.29,241.77,233.98,238.15,41587188.0,7465340022.100589,0.014789294393286244
2025-01-28,GOOGL,192.745,195.48,190.68,195.3,24157929.0,4876212217.005882,0.01791303737205529
2025-01-28,HD,423.0,423.24,416.7,418.83,2818648.0,1309151156.825294,0.014234089294735417
2025-01-28,JNJ,152.66,152.97,150.3,150.38,10320613.0,1448550106.7800002,0.016611633006564534
2025-01-28,JPM,265.84,267.33,264.8301,267.14,7375391.0,2769720953.3752937,0.010222922656383816
2025-01-28,META,666.0,682.58,659.465,674.33,20950107.0,9144465901.638235,0.01922392495056068
2025-01-28,MSFT,434.6,448.38,431.38,447.2,23491703.0,8861003816.314707,0.016687243541249685
2025-01-28,NVDA,121.81,129.0,116.25,128.99,579666350.0,37322140986.10589,0.05833081273016285
2025-01-28,PG,168.91,169.59,166.11,166.19,6716387.0,1274655809.0788236,0.0153198288180457
2025-01-28,UNH,536.888,540.338,531.772,536.363,3198722.0,2511473811.973118,0.022235771947421674
2025-01-28,XOM,110.41,110.87,107.79,108.04,15862029.0,1675233077.4076471,0.01311050833630599
2025-01-29,AAPL,233.066,238.776,232.956,238.282,45691822.0,13504528306.430334,0.019978715853408487
2025-01-29,AMZN,239.015,240.39,236.15,237.07,26091716.0,7394241304.879444,0.014505452645978429
2025-01-29,GOOGL,195.555,196.785,193.43,195.41,18218256.0,4803090949.67,0.017348023794683438
2025-01-29,HD,419.64,421.37,411.79,413.42,2385201.0,1291203303.525,0.014437152756491036
2025-01-29,JNJ,150.5,151.88,150.0,151.15,7156421.0,1428169158.3005555,0.01609370865646468
2025-01-29,JPM,267.16,270.68,265.61,266.58,7684870.0,2729660491.7766666,0.010129047681315907
2025-01-29,META,675.0,681.0459,665.67,676.49,21377820.0,9439877876.647224,0.018643698093037172
2025-01-29,MSFT,446.69,446.88,440.4,442.33,23581370.0,8948211792.747223,0.01657049791337022
2025-01-29,NVDA,126.5,126.89,120.05,123.7,467120640.0,38458845551.76667,0.05723945134922325
2025-01-29,PG,166.705,167.29,165.8805,166.23,4850295.0,1248634071.7883332,0.014833365767621256
2025-01-29,UNH,535.89,537.347,527.99,532.033,2768854.0,2453787583.5402775,0.0217542260456499
2025-01-29,XOM,107.71,108.78,107.47,108.67,12345523.0,1656697238.9077778,0.012759769986401596
2025-01-30,AAPL,237.591,239.707,236.142,236.52,55910007.0,13489754966.915052,0.019442475915183062
2025-01-30,AMZN,237.14,237.95,232.22,234.64,32020728.0,7400509847.671053,0.014492359227868451
2025-01-30,GOOGL,198.0,201.4,197.67,200.87,24354684.0,4807776972.06,0.01790857219856685
2025-01-30,HD,415.99,417.3236,411.5192,414.5,3081304.0,1290466314.286842,0.014008740839996685
2025-01-30,JNJ,151.91,154.14,151.36,152.87,8910983.0,1424698253.7168422,0.015738576056171127
2025-01-30,JPM,268.75,269.7,266.6201,268.23,8753466.0,2709570054.5873685,0.009826628594759057
2025-01-30,META,696.82,710.79,676.1,687.0,29322898.0,10003296458.192106,0.018190411715690708
2025-01-30,MSFT,418.77,422.86,413.16,414.99,54586260.0,9669503384.571053,0.022237687900235475
2025-01-30,NVDA,123.1,125.0,118.1,124.65,392925469.0,39012493665.40263,0.05560970722065122
2025-01-30,PG,167.48,167.6,165.93,167.41,4136546.0,1219363813.581579,0.014482261716997126
2025-01-30,UNH,533.329,540.942,528.968,539.419,2958090.0,2408622444.9176316,0.021232219205522304
2025-01-30,XOM,109.24,109.85,108.7,109.57,14346335.0,1652235696.1205263,0.012503194938244394
2025-01-31,AAPL,246.077,246.077,232.39,234.937,101532266.0,14007951517.4314,0.01893567952736941
2025-01-31,AMZN,236.5,240.29,236.41,237.68,36162377.0,7460238043.555501,0.014245669138724585
2025-01-31,GOOGL,202.0,205.48,201.8,204.02,32041952.0,4894248075.809,0.01763006322671076
2025-01-31,HD,413.255,416.38,410.32,411.98,2761798.0,1282833275.5744998,0.013797801278064164
2025-01-31,JNJ,152.64,153.18,152.055,152.15,8458715.0,1417813015.3935,0.015408860212346396
2025-01-31,JPM,269.23,270.82,266.96,267.3,7196268.0,2670269673.678,0.009806130399826099
2025-01-31,META,691.0,705.2999,685.58,689.18,19331660.0,10169281307.2225,0.017709422297315165
2025-01-31,MSFT,418.98,420.69,414.91,415.06,34223388.0,9896266186.5065,0.02161135362737554
2025-01-31,NVDA,123.78,127.85,119.19,120.07,390372899.0,39405472681.279,0.0545557232953488
2025-01-31,PG,166.0,166.62,165.21,165.99,5464903.0,1203751585.351,0.01422680928195912
2025-01-31,UNH,537.545,542.969,535.306,536.373,4167647.0,2399961988.8883,0.020766768540382657
2025-01-31,XOM,110.55,110.55,106.095,106.83,20381446.0,1678491405.1235,0.013560290372445867
2025-02-03,AAPL,228.954,230.786,224.684,226.984,73393748.0,14161293244.549799,0.01979535345861914
2025-02-03,AMZN,234.06,239.25,232.9,237.42,37285868.0,7528962691.2145,0.013914637486072386
2025-02-03,GOOGL,200.69,203.75,200.1,201.23,27838348.0,4981401316.809,0.017612153318562303
2025-02-03,HD,404.72,411.9,401.01,408.76,2896444.0,1295059321.9575,0.01365335029150397
2025-02-03,JNJ,151.17,152.465,150.78,151.87,6687487.0,1425018820.598,0.01503698588235292
2025-02-03,JPM,261.83,268.165,261.7009,266.81,8381361.0,2671430252.0985003,0.009693318031216584
2025-02-03,META,675.91,704.0,675.25,697.46,21415739.0,10536126229.591501,0.0172661683133769
2025-02-03,MSFT,411.6,415.41,408.66,410.92,25679149.0,10070243782.1595,0.021147716669050916
2025-02-03,NVDA,114.75,118.57,113.01,116.66,371235677.0,40199912108.747,0.05333789905170674
2025-02-03,PG,165.47,169.38,165.23,168.76,8668729.0,1232069512.765,0.014335574204431326
2025-02-03,UNH,536.32,547.665,534.969,541.999,4130135.0,2404998069.3183503,0.02026434953000333
2025-02-03,XOM,106.64,107.3,105.3225,107.09,14623197.0,1688727547.5815,0.013211243388913474
2025-02-04,AAPL,226.227,232.08,225.629,231.751,45271128.0,14196182920.92345,0.020521497225111603
2025-02-04,AMZN,239.01,242.52,238.03,242.06,29713812.0,7580152772.393501,0.013999751255742949
2025-02-04,GOOGL,203.39,207.05,202.81,206.38,43856425.0,5255627899.653501,0.018211253080491093
2025-02-04,HD,409.035,412.58,406.085,411.49,2150773.0,1295870343.4950001,0.013681360149799171
2025-02-04,JNJ,151.36,154.18,150.945,153.49,9645289.0,1456651057.5765002,0.015133719069300403
2025-02-04,JPM,269.275,269.84,266.83,267.94,5625972.0,2631352230.2905,0.009494984340824115
2025-02-04,META,702.5,707.71,691.61,704.19,13826270.0,10677191147.6605,0.01726925515511764
2025-02-04,MSFT,412.685,413.9199,409.74,412.37,20532096.0,10140871957.583,0.02098325700663313
2025-02-04,NVDA,116.96,121.2,116.7,118.65,256550040.0,40065384301.214005,0.05228255906594246
2025-02-04,PG,169.29,169.29,166.28,168.13,6410938.0,1242560236.0665002,0.01430807994753484
2025-02-04,UNH,539.053,542.62,535.405,539.301,2902660.0,2405794519.61615,0.020144336679029512
2025-02-04,XOM,106.705,110.28,106.53,109.96,14835692.0,1693509268.3925002,0.014483247751615483
2025-02-05,AAPL,227.501,231.622,227.242,231.424,39844383.0,14105421819.38805,0.02041923525403707
2025-02-05,AMZN,237.02,238.32,235.2,236.17,38832042.0,7676233938.655001,0.015072487470108649
2025-02-05,GOOGL,191.07,192.75,188.03,191.33,70461770.0,5638690751.7055,0.024262917127926057
2025-02-05,HD,414.69,415.15,408.14,413.82,2212115.0,1277888321.5335002,0.01368268546773993
2025-02-05,JNJ,153.72,154.73,153.31,154.69,8946957.0,1469030225.274,0.015075470693626832
2025-02-05,JPM,268.92,270.64,268.33,270.43,5704431.0,2589049154.027,0.008863540632481513
2025-02-05,META,703.55,718.14,699.01,704.87,17793766.0,10845496381.1415,0.015282130547870951
2025-02-05,MSFT,412.35,413.827,410.4,413.29,16336188.0,10038329349.669,0.020819531586540013
2025-02-05,NVDA,121.76,125.0,120.76,124.83,263110629.0,39724822354.349,0.05318955399892625
2025-02-05,PG,168.09,169.14,166.61,169.01,7537232.0,1236138296.9524999,0.012661549530916439
2025-02-05,UNH,524.746,534.604,516.026,533.724,4674256.0,2416373690.76725,0.020371093181303566
2025-02-05,XOM,109.74,110.01,109.1,109.88,13364387.0,1682768462.5715,0.014480457812268387
2025-02-06,AAPL,230.243,232.747,229.388,232.17,30060693.0,13959596252.619602,0.02034278171335018
2025-02-06,AMZN,238.01,239.6599,236.01,238.83,60897095.0,8091547915.2955,0.013875513606947602
2025-02-06,GOOGL,189.5,192.1,188.72,191.6,29297442.0,5660460679.5875,0.02422873960748822
2025-02-06,HD,415.0,417.79,413.0,414.16,2023667.0,1276101472.7814999,0.013150301101140354
2025-02-06,JNJ,154.79,154.8402,153.38,153.51,7418468.0,1464393150.293,0.014900228299877923
2025-02-06,JPM,272.45,276.98,271.19,276.9,7264371.0,2583196679.4375,0.00971970752208057
2025-02-06,META,705.88,718.9,703.5,711.99,13080690.0,10938220096.831001,0.014094752887464562
2025-02-06,MSFT,414.0,418.2,414.0,415.82,16309755.0,9994355621.6715,0.020709413427672064
2025-02-06,NVDA,127.42,128.77,125.21,128.68,251483574.0,38877929976.247,0.05221867000040792
2025-02-06,PG,169.37,169.93,168.03,168.88,4957889.0,1209871656.3084998,0.012676637387455012
2025-02-06,UNH,531.826,533.022,519.348,524.064,3971605.0,2419789578.0536003,0.020895363298465634
2025-02-06,XOM,110.77,111.05,107.985,108.43,13411401.0,1686825096.218,0.014678458634227754
2025-02-07,AAPL,231.554,232.946,226.237,226.605,39886809.0,13954895208.561451,0.02091511745503375
2025-02-07,AMZN,232.5,234.81,228.06,229.15,77539276.0,8701921912.4675,0.01704649834713144
2025-02-07,GOOGL,191.05,191.18,183.24,185.34,49314961.0,5876336354.8895,0.025228041420513214
2025-02-07,HD,413.0,414.2899,406.5,407.37,2530505.0,1272497839.554,0.013861815369476891
2025-02-07,JNJ,153.6,154.49,152.8,153.12,6204916.0,1432400698.0370002,0.013252176473821936
2025-02-07,JPM,277.27,278.55,274.715,275.8,6857875.0,2572305685.7415,0.009894113645376361
2025-02-07,META,716.795,725.01,711.75,714.52,16427067.0,11217112099.017002,0.013421499065485044
2025-02-07,MSFT,416.48,418.65,408.1,409.75,22886844.0,10143671320.0215,0.02089145382560493
2025-02-07,NVDA,129.22,130.37,125.0,129.84,228186298.0,38766615362.149,0.052284255485443236
2025-02-07,PG,169.09,169.12,167.87,167.97,4535617.0,1207643419.468,0.012776371132398025
2025-02-07,UNH,523.036,526.389,519.466,521.088,3387489.0,2399427528.1013002,0.020499852791954324
2025-02-07,XOM,108.78,109.7304,108.32,108.89,10051626.0,1646072788.8600001,0.014163500793048102
2025-02-10,AAPL,228.787,229.799,226.426,226.874,33228884.0,13601024786.636549,0.020327482369718902
2025-02-10,AMZN,230.545,233.92,229.2,233.14,35419926.0,8711836225.674501,0.016951625704620776
2025-02-10,GOOGL,187.35,188.2,185.86,186.47,23105649.0,5835722565.3289995,0.025217549087137223
2025-02-10,HD,410.64,414.95,408.7902,413.99,2617582.0,1222902852.5335002,0.014166950578930883
2025-02-10,JNJ,153.52,154.37,152.29,154.24,6936561.0,1423236050.746,0.013214956801412513
2025-02-10,JPM,276.15,276.18,269.59,271.04,8627352.0,2566208281.434,0.010327205188018303
2025-02-10,META,718.56,721.2,711.33,717.4,12904317.0,11087022574.555,0.013449526908347059
2025-02-10,MSFT,413.71,415.4624,410.92,412.22,20817919.0,10149586235.960499,0.0207694398501329
2025-02-10,NVDA,130.09,135.0,129.96,133.57,216989086.0,38805014089.113,0.0523038943957087
2025-02-10,PG,167.69,168.48,166.4,167.53,7063167.0,1199407947.6434999,0.011565745357748092
2025-02-10,UNH,521.755,528.138,517.48,527.356,3178982.0,2340906028.0587,0.02057112069041243
2025-02-10,XOM,110.005,111.03,109.875,110.97,12142197.0,1610608702.7415001,0.014674577261719658
2025-02-11,AAPL,227.423,234.429,227.353,231.827,53902052.0,13644149348.22475,0.0208755682312144
2025-02-11,AMZN,231.92,233.44,230.13,232.76,23713726.0,8690026588.297499,0.016942525660471268
2025-02-11,GOOGL,185.03,186.94,184.28,185.32,21239519.0,5824100711.0835,0.025225237105731338
2025-02-11,HD,414.26,416.57,412.74,416.36,1442188.0,1184568100.6935,0.014129479802788218
2025-02-11,JNJ,154.11,156.39,153.94,156.13,7554811.0,1407258923.558,0.013016012542344054
2025-02-11,JPM,270.15,276.22,269.66,274.99,7196376.0,2542984954.4385004,0.010141794062925511
2025-02-11,META,713.32,723.66,710.04,719.8,12997959.0,11226776223.553501,0.012660040676490972
2025-02-11,MSFT,409.64,412.49,409.3,411.44,18140592.0,10155547586.174501,0.020754795061925953
2025-02-11,NVDA,132.58,134.48,131.02,132.8,178902379.0,38628591305.062,0.05211255749546767
2025-02-11,PG,167.69,169.57,166.5,169.43,5438081.0,1191691854.319,0.01171708375808132
2025-02-11,UNH,528.968,541.367,522.309,527.901,2662119.0,2236047331.1951,0.018543301463274767
2025-02-11,XOM,111.6,112.51,110.82,111.67,12713127.0,1588294880.3685002,0.01362961855012227
2025-02-12,AAPL,230.412,236.153,229.894,236.063,45398002.0,13720014878.55605,0.0212379211468141
2025-02-12,AMZN,230.46,231.18,228.16,228.93,32285249.0,8790519245.776,0.017461882579923746
2025-02-12,GOOGL,183.22,185.11,181.83,183.61,22072559.0,5863868698.501,0.02525627178180202
2025-02-12,HD,408.62,409.65,402.12,407.14,3387401.0,1186651210.6645,0.015160442744739525
2025-02-12,JNJ,155.3,155.6599,154.27,155.26,7746014.0,1404557129.7525,0.013184903361514864
2025-02-12,JPM,274.08,276.45,273.25,275.45,6683894.0,2481516093.8825,0.010032050521259302
2025-02-12,META,715.3,727.1,712.6,725.38,12016517.0,11258572941.3265,0.01024741234074229
2025-02-12,MSFT,407.21,410.75,404.3673,409.04,19121734.0,10194638926.766499,0.020778087092179338
2025-02-12,NVDA,130.02,132.24,129.08,131.14,160278552.0,38390987655.346,0.052131716799818456
2025-02-12,PG,168.35,170.08,167.97,169.58,6037671.0,1195105004.0300002,0.011714976540494608
2025-02-12,UNH,533.764,536.235,519.586,521.454,3903247.0,2229658574.9614997,0.018676776485096917
2025-02-12,XOM,110.05,110.2269,107.18,107.35,18244122.0,1624825419.1535,0.016253285913226233
2025-02-13,AAPL,236.103,241.514,234.766,240.708,53797388.0,13893746485.577148,0.02123803617722045
2025-02-13,AMZN,228.85,230.42,227.52,230.37,31346512.0,8802138931.7005,0.01663534002466115
2025-02-13,GOOGL,184.32,186.28,183.14,186.14,21402523.0,5850147443.1645,0.02437097811637543
2025-02-13,HD,408.45,412.98,407.49,412.43,3067859.0,1156823622.8725,0.013465866700569413
2025-02-13,JNJ,155.25,158.13,154.79,157.25,10705077.0,1434836375.008,0.013332606204225852
2025-02-13,JPM,275.5,276.97,273.81,276.32,8398667.0,2364777876.0545,0.009456406226368798
2025-02-13,META,721.5197,729.0,718.04,728.56,12569064.0,11237420942.206501,0.007819815414127278
2025-02-13,MSFT,407.0,411.0,406.36,410.54,23891731.0,10266474153.114498,0.01988239851178235
2025-02-13,NVDA,131.555,136.5,131.17,135.29,197429975.0,38464802214.777504,0.05205616013223823
2025-02-13,PG,169.63,171.38,169.14,171.02,6328365.0,1184886041.6875,0.011742592392537977
2025-02-13,UNH,524.915,528.306,521.157,525.192,2867378.0,2193448746.1213,0.01877383819225835
2025-02-13,XOM,107.15,108.41,106.52,108.13,15459952.0,1627447284.469,0.015868373648196068
2025-02-14,AAPL,240.428,244.713,240.168,243.767,41036072.0,13574923463.978352,0.018985289016811412
2025-02-14,AMZN,229.2,229.89,227.23,228.68,27031084.0,8838065320.0485,0.016463329605876275
2025-02-14,GOOGL,185.055,186.4,184.32,185.23,20448437.0,5867691893.084,0.024236025386761433
2025-02-14,HD,414.62,417.9999,408.5551,409.5,3004396.0,1171144150.8955,0.0134686242319696
2025-02-14,JNJ,157.325,157.47,156.06,156.15,6411840.0,1418666183.592,0.013053427198040082
2025-02-14,JPM,277.37,279.2334,276.45,276.59,5688627.0,2249029476.853,0.009461245036396611
2025-02-14,META,726.14,740.91,725.62,736.67,16901249.0,11604571855.063,0.006616224138141949
2025-02-14,MSFT,407.79,408.91,405.88,408.43,22758464.0,10406431937.4235,0.019890639414439235
2025-02-14,NVDA,136.48,139.25,135.5,138.85,195479557.0,38424539198.184494,0.05211150071726368
2025-02-14,PG,169.79,170.0,162.3,162.89,13179478.0,1245886507.5335,0.016356043211635682
2025-02-14,UNH,522.927,527.189,517.015,517.608,3747576.0,2059143350.9599502,0.013055903978445391
2025-02-14,XOM,108.52,110.23,108.1,108.24,15733529.0,1654896731.307,0.01587745089371277
2025-02-18,AAPL,243.079,244.344,241.015,243.637,48989440.0,13384160366.99915,0.01898501005393986
2025-02-18,AMZN,228.82,229.3,223.72,226.65,42975133.0,8846425735.240002,0.01577464109427024
2025-02-18,GOOGL,185.6,185.96,181.74,183.77,29916675.0,5870777389.1215,0.02390110986089566
2025-02-18,HD,408.27,408.87,400.22,403.31,3994025.0,1185592079.793,0.01389206114709522
2025-02-18,JNJ,154.16,155.45,153.24,154.99,9670657.0,1414410833.5325,0.013140982659510544
2025-02-18,JPM,277.5702,279.97,276.02,279.95,7919798.0,2130814016.6,0.008992178283794257
2025-02-18,META,736.0,737.0,706.44,716.37,21938703.0,11860931625.3685,0.010521114608132175
2025-02-18,MSFT,408.0,410.597,406.5,409.64,21423051.0,10283243046.595,0.01971767636813846
2025-02-18,NVDA,141.27,143.44,137.925,139.4,219176627.0,38566915081.3945,0.05170470199135701
2025-02-18,PG,163.35,165.76,162.2,165.43,7075681.0,1245900746.1715,0.01667581282613065
2025-02-18,UNH,505.18,510.182,491.397,495.084,8859160.0,2087393828.4578,0.01646910386657359
2025-02-18,XOM,108.63,110.99,108.32,110.14,20060298.0,1656988393.9290001,0.016279624576344444
2025-02-19,AAPL,243.827,245.171,242.332,244.035,32314337.0,12686734712.471449,0.01709944143661565
2025-02-19,AMZN,225.52,226.83,223.71,226.63,28566709.0,8709269377.5855,0.014993821674178027
2025-02-19,GOOGL,184.07,185.46,183.59,185.27,19549396.0,5755082499.9375,0.023838787958397903
2025-02-19,HD,397.08,398.64,392.935,395.43,3780014.0,1185678852.5805001,0.01341359903040801
2025-02-19,JNJ,155.0,158.3,154.75,157.89,7974736.0,1395057120.982,0.013585157943146818
2025-02-19,JPM,278.38,280.25,277.22,279.25,7007248.0,2048317849.529,0.008707258232393982
2025-02-19,META,704.095,707.0,695.39,703.77,17535480.0,12118150668.1805,0.011967411830060974
2025-02-19,MSFT,407.88,415.49,407.65,414.77,24114197.0,10224449134.3045,0.01998841320206262
2025-02-19,NVDA,139.51,141.36,137.22,139.23,167536006.0,38340767509.285995,0.05147686235492473
2025-02-19,PG,166.1,166.87,165.24,166.49,7910823.0,1199240176.551,0.01670624655909805
2025-02-19,UNH,495.836,506.084,492.534,505.278,4430261.0,2050167743.5865498,0.01567142772412452
2025-02-19,XOM,110.755,112.13,110.055,110.3,10964698.0,1603668533.3779998,0.016208597889774204
2025-02-20,AAPL,244.105,245.94,243.457,244.993,32427415.0,12366288227.6665,0.017100718921172004
2025-02-20,AMZN,224.775,225.13,221.81,222.88,30001665.0,8556570658.4869995,0.014655394044604711
2025-02-20,GOOGL,184.8,185.31,182.72,184.56,20441462.0,5683845491.559,0.02381374758036229
2025-02-20,HD,393.0,394.76,391.1,394.64,2703526.0,1165589225.3574998,0.012790317406138646
2025-02-20,JNJ,156.95,159.95,156.95,159.68,7224030.0,1330454591.6675,0.012582813246771525
2025-02-20,JPM,278.675,278.74,265.735,266.8,13846671.0,2114466446.881,0.013760178041142991
2025-02-20,META,697.275,705.63,693.64,694.84,12587408.0,12172820103.9915,0.012662381756754522
2025-02-20,MSFT,415.29,419.31,412.54,416.13,23508728.0,10093280460.0265,0.01734216761468363
2025-02-20,NVDA,140.03,140.66,136.79,140.11,143903583.0,37601314526.86,0.05047684277351644
2025-02-20,PG,163.15,167.78,162.8,167.21,6162601.0,1132506538.4445,0.01623534040478932
2025-02-20,UNH,498.132,502.702,494.595,496.756,4191557.0,2056669887.5241501,0.015945398708568207
2025-02-20,XOM,110.57,112.42,109.95,112.0,16325803.0,1609013337.4599998,0.016057184230272796
2025-02-21,AAPL,245.112,247.842,244.384,244.713,53379340.0,12345816850.2739,0.017107542230679642
2025-02-21,AMZN,223.28,223.31,214.74,216.58,55323850.0,8844866861.493,0.015692929554007244
2025-02-21,GOOGL,185.15,185.34,179.08,179.66,35199239.0,5733248772.5529995,0.024367912239249778
2025-02-21,HD,396.42,397.815,383.9,385.3,5286976.0,1187874240.1349998,0.01332786182013833
2025-02-21,JNJ,159.67,163.51,159.28,162.3,12546930.0,1355240289.7654998,0.01281216524004633
2025-02-21,JPM,268.23,269.1955,262.84,264.24,12835566.0,2141106061.7755,0.013693220045997608
2025-02-21,META,696.58,703.87,682.36,683.55,15660355.0,12392685724.9365,0.013014693691486147
2025-02-21,MSFT,417.335,418.048,407.89,408.21,27524799.0,10244341829.931,0.017651937607675586
2025-02-21,NVDA,140.04,141.46,134.03,134.43,228217585.0,37987584668.248505,0.051233365301296324
2025-02-21,PG,167.44,170.5491,165.92,170.23,9813720.0,1152780152.5145,0.01660694570985864
2025-02-21,UNH,434.594,464.404,433.556,461.161,20091389.0,2398599416.3091,0.021632867239663327
2025-02-21,XOM,111.37,111.85,110.56,110.69,14709985.0,1614825486.5625,0.016273233637474842
2025-02-24,AAPL,244.09,248.012,243.587,246.329,51501907.0,12370857411.549849,0.0169839450997424
2025-02-24,AMZN,217.45,217.715,212.42,212.71,42387585.0,8991658030.7955,0.0159862737069433
2025-02-24,GOOGL,182.05,183.12,178.885,179.32,29854206.0,5761895659.5785,0.024094470323361525
2025-02-24,HD,386.34,386.55,378.2,382.42,5722039.0,1248164693.754,0.01332367118357972
2025-02-24,JNJ,162.13,164.87,162.05,163.74,10201917.0,1366177910.6825001,0.012802602969667072
2025-02-24,JPM,265.49,267.0,258.61,261.34,10372751.0,2175130170.9305,0.013879441142640822
2025-02-24,META,686.28,687.27,662.45,668.1275,15676994.0,12299166771.66275,0.01383868963930902
2025-02-24,MSFT,408.51,409.37,399.32,404.0,26443656.0,10433259176.171999,0.017699791711661566
2025-02-24,NVDA,136.56,138.59,130.08,130.28,251381137.0,37951737799.4815,0.051222641822172975
2025-02-24,PG,170.22,172.98,169.79,170.54,8564057.0,1174929167.1195002,0.016297261915170027
2025-02-24,UNH,461.414,462.723,451.847,456.317,6998236.0,2460523648.4425,0.021485782622742096
2025-02-24,XOM,110.925,111.86,110.32,111.27,13153471.0,1610661259.266,0.01596785855779193
2025-02-25,AAPL,247.154,249.148,244.075,246.197,48177454.0,11873649774.2555,0.015840971533356132
2025-02-25,AMZN,211.63,213.34,204.16,212.8,58957977.0,9037150010.1035,0.015944711718956298
2025-02-25,GOOGL,178.04,178.74,174.693,175.42,41913411.0,5729317239.143,0.022864895623387373
2025-02-25,HD,385.0,401.01,384.19,393.29,6823898.0,1303769238.288,0.01372884879509831
2025-02-25,JNJ,164.1,166.43,163.94,166.09,12303697.0,1352522098.046,0.009931031249989198
2025-02-25,JPM,262.235,263.0,253.35,257.4,9608439.0,2198801166.3955,0.014204200969968947
2025-02-25,META,665.972,668.0,641.86,657.5,20579662.0,12038720285.05275,0.013727745541110092
2025-02-25,MSFT,401.1,401.915,396.7,397.9,29387402.0,10243366031.922,0.017438828795276938
2025-02-25,NVDA,129.98,130.2,124.44,126.63,271428711.0,34821990953.882996,0.03383020822947839
2025-02-25,PG,171.28,173.95,170.8,172.65,7314856.0,1160278519.1325,0.014734065454615553
2025-02-25,UNH,455.195,465.453,444.996,465.077,9204746.0,2558719323.6818,0.021388205860008686
2025-02-25,XOM,111.3,112.13,108.8902,109.73,14496964.0,1602466790.557,0.016021522364858088
2025-02-26,AAPL,243.497,244.145,238.315,239.541,44585505.0,11505749314.04015,0.015290896071562024
2025-02-26,AMZN,214.94,218.16,213.09,214.35,39120603.0,8961225631.646,0.015737468342305234
2025-02-26,GOOGL,175.07,176.08,171.58,172.73,35431268.0,5799417208.539999,0.022359941395282242
2025-02-26,HD,395.98,398.87,388.56,390.48,3871549.0,1320330643.8720002,0.013535218366197314
2025-02-26,JNJ,165.1,165.13,162.555,163.08,11396410.0,1367847736.039,0.010122835006400308
2025-02-26,JPM,257.22,260.9115,256.93,258.79,5943585.0,2177195086.9160004,0.01421765045802958
2025-02-26,META,659.65,683.0078,658.0,673.7,14488705.0,11820408030.31225,0.013970346404723324
2025-02-26,MSFT,398.01,403.6,394.245,399.73,19618954.0,10110205776.963,0.015753291014602207
2025-02-26,NVDA,129.985,133.73,128.49,131.28,322553814.0,33200676064.654,0.02846741624353977
2025-02-26,PG,172.28,172.65,170.65,171.3,5519041.0,1151739287.521,0.014020435061897471
2025-02-26,UNH,461.586,467.717,453.034,458.363,5166630.0,2591345118.612,0.021415481447602885
2025-02-26,XOM,109.74,109.87,108.52,109.46,10446405.0,1573953284.464,0.015385788480302524
2025-02-27,AAPL,238.594,241.633,236.253,236.491,41294364.0,11449659649.38615,0.015541444171966113
2025-02-27,AMZN,218.35,219.97,208.37,208.74,40548571.0,9075152911.567,0.01642305191124911
2025-02-27,GOOGL,173.99,174.56,167.94,168.5,39991015.0,5958340039.667,0.022679529762099245
2025-02-27,HD,390.695,395.47,388.325,390.27,2825142.0,1326154562.418,0.013359560422145329
2025-02-27,JNJ,162.46,163.95,161.73,163.73,8364573.0,1382239661.196,0.010120057336389144
2025-02-27,JPM,259.985,263.64,257.86,259.05,8204447.0,2181031554.4535,0.014227587565420488
2025-02-27,META,682.45,688.6469,657.57,658.24,12500013.0,11508714385.578249,0.014855123040424386
2025-02-27,MSFT,401.265,405.74,392.17,392.53,21127406.0,10003325441.217,0.01596130086306865
2025-02-27,NVDA,135.0,135.01,120.01,120.15,443175846.0,32973913801.099007,0.03318077182668084
2025-02-27,PG,170.85,173.09,170.63,171.97,5466965.0,1158433759.1810002,0.014025583986082018
2025-02-27,UNH,460.914,470.04,459.777,463.277,4264853.0,2616479448.7669497,0.02180259147412424
2025-02-27,XOM,110.01,111.29,109.28,110.15,15293173.0,1591101035.541,0.01539433519163344
2025-02-28,AAPL,236.143,241.265,229.416,241.015,57027702.0,11475694486.48065,0.016024928560344345
2025-02-28,AMZN,209.06,212.62,206.99,212.28,51771737.0,9248990947.189,0.017180590411727155
2025-02-28,GOOGL,168.68,170.61,166.77,170.28,48130565.0,6123517401.323,0.021570945322152615
2025-02-28,HD,394.04,396.87,390.2819,396.6,4263916.0,1346847991.2979999,0.013981309703855839
2025-02-28,JNJ,164.31,165.94,162.7,165.02,12037415.0,1413449273.8005,0.010016433042245226
2025-02-28,JPM,260.675,264.81,257.89,264.65,10467126.0,2202140689.9894996,0.015051372972617678
2025-02-28,META,658.0,669.63,642.6017,668.2,17534168.0,11087289392.15825,0.014831288052806754
2025-02-28,MSFT,392.655,397.63,386.57,396.99,32845658.0,9522657727.817999,0.00955502496105832
2025-02-28,NVDA,118.02,125.09,116.4,124.92,389091145.0,32955269107.2265,0.03436897900884232
2025-02-28,PG,173.58,174.65,171.85,173.84,10240069.0,1212815480.6360002,0.01412578440888713
2025-02-28,UNH,461.735,470.99,459.243,469.605,6216411.0,2682659835.6642003,0.021791566666495822
2025-02-28,XOM,110.11,111.58,109.34,111.33,18821665.0,1617275437.466,0.015466023867582652
2025-03-03,AAPL,240.965,243.196,235.308,237.219,47345331.0,10844570791.343,0.016379733889981735
2025-03-03,AMZN,213.352,214.01,202.55,205.02,42948447.0,9259501789.118,0.017831308273891282
2025-03-03,GOOGL,171.925,173.37,165.93,167.01,40770451.0,6137111100.0465,0.020956934652563108
2025-03-03,HD,396.95,397.07,386.47,389.69,3397551.0,1356157296.7555,0.014375265526805197
2025-03-03,JNJ,164.96,167.33,164.84,167.28,9191464.0,1425977004.334,0.010031287609212488
2025-03-03,JPM,264.0,266.32,257.82,260.62,9058307.0,2224001366.6865,0.0153965803362718
2025-03-03,META,673.675,681.25,650.8439,655.05,10843763.0,10776300067.87575,0.015341579124395488
2025-03-03,MSFT,398.82,398.82,386.155,388.49,23007726.0,9259333330.341,0.01045312588536583
2025-03-03,NVDA,123.51,123.7,112.28,114.06,411381373.0,32957773378.299,0.038793073116268326
2025-03-03,PG,173.58,176.29,173.51,175.59,7615570.0,1234320415.0025,0.014010992729282412
2025-03-03,UNH,469.081,471.894,459.963,461.784,5765191.0,2704002817.48485,0.021902972194167994
2025-03-03,XOM,111.7,112.1563,106.51,107.76,18706879.0,1609200607.709,0.01615399248063689
2025-03-04,AAPL,236.895,239.252,233.88,235.126,53982025.0,10646239347.0489,0.014450635757943683
2025-03-04,AMZN,200.11,206.8,197.432,203.8,60853084.0,9436974176.05,0.017776602574025163
2025-03-04,GOOGL,166.24,173.2946,165.8,170.92,45387996.0,6244901375.4605,0.022195011473055658
2025-03-04,HD,386.55,387.96,378.9,381.68,4384823.0,1380639736.4155002,0.014887922254522136
2025-03-04,JNJ,168.08,169.99,165.32,165.42,11999962.0,1474447257.5015,0.010555394425485464
2025-03-04,JPM,255.28,257.23,245.95,250.25,13465630.0,2280678515.641,0.0176583072049541
2025-03-04,META,645.51,649.75,623.65,640.0,21495208.0,10717315657.728748,0.015601270723731426
2025-03-04,MSFT,383.4,392.58,381.0,388.61,29342923.0,9301877200.338501,0.010357432326395412
2025-03-04,NVDA,110.645,119.31,110.11,115.99,398163305.0,33101503761.705498,0.03848187736070644
2025-03-04,PG,176.75,179.99,172.91,173.18,12118023.0,1266103640.8574998,0.014087168293466066
2025-03-04,UNH,462.97,473.808,461.201,469.259,5931002.0,2731235168.8674994,0.022180816805354383
2025-03-04,XOM,106.36,108.96,105.94,107.54,19394905.0,1635187103.5575,0.016157645562019488
2025-03-05,AAPL,234.618,235.743,228.449,234.936,47389138.0,10678328614.0509,0.013735599515794988
2025-03-05,AMZN,204.8,209.98,203.26,208.36,38610085.0,9479587774.944,0.018012633591498867
2025-03-05,GOOGL,170.52,173.78,169.06,173.02,30954922.0,6060137956.1075,0.021320748020714462
2025-03-05,HD,379.0,387.12,378.01,386.35,2780317.0,1390097430.9745,0.015134072346515773
2025-03-05,JNJ,164.45,166.4618,163.53,165.12,8745050.0,1472623619.8709998,0.010530251158289223
2025-03-05,JPM,251.04,253.05,247.83,251.53,7861424.0,2304176567.693,0.017678488761481415
2025-03-05,META,641.0,659.5,637.66,656.47,13770026.0,10682480052.574749,0.016725444258280625
2025-03-05,MSFT,389.34,401.67,388.81,401.02,23433132.0,9348393908.6945,0.012897758811155695
2025-03-05,NVDA,117.58,118.2781,114.51,117.3,284337886.0,33247162350.795494,0.0383722514109307
2025-03-05,PG,173.38,175.87,173.02,174.61,6989086.0,1273228305.8834999,0.014112803861822181
2025-03-05,UNH,466.372,473.673,465.7,470.613,3678574.0,2739524034.1276,0.02228685899057448
2025-03-05,XOM,105.84,106.33,103.67,105.44,24822245.0,1684483344.5814998,0.015470041543020844
2025-03-06,AAPL,233.637,237.049,232.364,234.529,45324880.0,10748781228.5573,0.013738476199173694
2025-03-06,AMZN,204.4,205.77,198.3015,200.7,49863755.0,9521422388.412,0.018826883113643857
2025-03-06,GOOGL,170.53,174.81,170.5,172.35,28301953.0,5629957513.379999,0.015003686865336036
2025-03-06,HD,383.5,387.76,380.73,381.73,4221975.0,1424909285.347,0.01511377826097547
2025-03-06,JNJ,165.0,165.87,163.51,165.83,8037888.0,1470069529.3065,0.010487331699451924
2025-03-06,JPM,248.1,249.36,243.85,246.54,9983235.0,2350107441.7715,0.017811528065243748
2025-03-06,META,648.0,650.5625,624.11,627.93,13446454.0,10477537053.564749,0.018926441754373944
2025-03-06,MSFT,394.28,402.15,392.6777,396.89,23304625.0,9473283382.581,0.01302014227129726
2025-03-06,NVDA,113.53,115.35,110.22,110.57,321181861.0,33380611278.4305,0.03838030305289988
2025-03-06,PG,175.0,175.84,172.8439,174.66,6702490.0,1268067772.0375,0.014096283534305884
2025-03-06,UNH,470.875,482.617,466.678,482.222,5020590.0,2735837851.2093997,0.023323851690653628
2025-03-06,XOM,105.43,108.11,104.36,107.62,17150233.0,1703344806.1764998,0.01628040198800612
2025-03-07,AAPL,234.304,240.548,233.96,238.255,46431798.0,10952952075.4913,0.014144000488655821
2025-03-07,AMZN,199.49,202.2653,192.53,199.25,59802821.0,9390005332.682001,0.018280658260329763
2025-03-07,GOOGL,171.26,174.97,170.27,173.86,27385813.0,5587352891.428999,0.01525946667539702
2025-03-07,HD,379.5,380.6502,368.9,376.8,4574277.0,1469182567.7910001,0.015198872160919604
2025-03-07,JNJ,165.13,168.46,164.7,166.69,9637593.0,1493453597.0310001,0.010155609151491512
2025-03-07,JPM,245.235,246.72,239.42,242.28,20498734.0,2497853888.9525003,0.016703915179658326
2025-03-07,META,625.37,634.79,600.61,625.66,21375671.0,10680566145.80275,0.018573097620058713
2025-03-07,MSFT,392.32,394.8,385.54,393.31,22034087.0,9567498604.2745,0.012966692827395357
2025-03-07,NVDA,111.25,113.48,107.56,112.69,341755468.0,33688187147.760498,0.037887071276785034
2025-03-07,PG,174.09,178.89,174.05,175.95,9566763.0,1310366954.814,0.014137715262141028
2025-03-07,UNH,478.296,494.284,477.915,487.916,5496059.0,2765849847.2256,0.023384698907896764
2025-03-07,XOM,108.41,110.4,108.3,109.02,19624965.0,1737610579.8699996,0.016294170417551875
2025-03-10,AAPL,234.737,235.356,223.455,226.704,72317645.0,11320759527.42305,0.017190911155285264
2025-03-10,AMZN,195.6,196.73,190.85,194.54,62350926.0,9108086535.114,0.017091863230548513
2025-03-10,GOOGL,168.26,168.46,163.69,165.87,43604027.0,5491981145.7665,0.016755325215625585
2025-03-10,HD,376.03,383.12,372.61,374.65,3710542.0,1487147704.7135,0.014948398121676993
2025-03-10,JNJ,167.3076,169.9,167.05,167.7,17558982.0,1593180824.205,0.01003763619397576
2025-03-10,JPM,236.34,237.51,228.695,232.22,18887186.0,2622582909.3485003,0.018424023970594883
2025-03-10,META,608.07,610.1059,586.8701,597.99,21999943.0,10751480045.88925,0.020240037517833084
2025-03-10,MSFT,385.84,386.4,377.22,380.16,32840134.0,9722829654.8965,0.014473006467513273
2025-03-10,NVDA,109.9,111.85,105.46,106.98,366487363.0,34167142605.8315,0.038984288084656774
2025-03-10,PG,176.755,179.99,175.83,176.26,11047022.0,1369631980.3255,0.014027039575219167
2025-03-10,UNH,488.532,494.341,474.343,476.835,5145197.0,2800261354.39875,0.02378260106446713
2025-03-10,XOM,109.275,112.565,109.08,111.8,22749073.0,1810051820.1829998,0.017224827068004628
2025-03-11,AAPL,223.043,225.07,216.709,220.088,76397763.0,11784532579.14945,0.018394978476844286
2025-03-11,AMZN,193.9,200.18,193.4,196.59,54002880.0,9226017766.692,0.01661612939758728
2025-03-11,GOOGL,164.91,166.75,161.37,164.04,39587414.0,5601251596.943,0.016573574775081923
2025-03-11,HD,374.5,374.93,365.7276,368.16,4013320.0,1506842260.6645,0.01442197695738984
2025-03-11,JNJ,167.0,167.3,165.05,165.86,9890648.0,1621709209.637,0.01059529209183604
2025-03-11,JPM,231.745,233.32,226.69,229.14,18142995.0,2713529328.7595,0.018344386578739172
2025-03-11,META,595.055,614.934,593.33,605.71,17401469.0,10815614384.49875,0.020626881709210326
2025-03-11,MSFT,379.0,386.0,376.91,380.45,30380177.0,9871658443.369999,0.014335099228833295
2025-03-11,NVDA,106.99,112.236,104.77,108.76,354865692.0,34647740628.0765,0.03846045224752688
2025-03-11,PG,175.825,175.99,172.32,173.12,11032285.0,1405962820.91,0.014714009247305449
2025-03-11,UNH,479.099,483.334,473.777,482.614,4130127.0,2816101448.41805,0.023785861627821515
2025-03-11,XOM,111.92,112.1,108.785,109.16,19904735.0,1851320883.7584999,0.01756725594892528
2025-03-12,AAPL,219.39,220.995,214.178,216.24,62761349.0,11838310734.08725,0.017880321636586236
2025-03-12,AMZN,200.72,201.52,195.29,198.89,43679284.0,9384406063.242,0.01715863457974813
2025-03-12,GOOGL,166.58,167.6399,163.53,167.11,28372396.0,5641511768.667,0.01748917013412173
2025-03-12,HD,371.25,372.0,361.75,364.73,3368038.0,1538240015.8674998,0.014182274474240506
2025-03-12,JNJ,163.825,164.21,162.23,162.85,8010692.0,1627959637.1755,0.011448708301209918
2025-03-12,JPM,234.0,234.32,227.26,227.9,16054015.0,2797518257.8725,0.017566444114666714
2025-03-12,META,629.9,633.33,609.35,619.56,15746966.0,10835627352.83675,0.021639985095282248
2025-03-12,MSFT,382.95,385.2165,378.9507,383.27,24253567.0,9963253415.950499,0.014553159945129904
2025-03-12,NVDA,114.12,116.76,112.88,115.74,323857454.0,35333991917.8145,0.041848533898261694
2025-03-12,PG,169.7,171.83,167.77,168.37,10159136.0,1445418804.1345,0.015891172179890264
2025-03-12,UNH,478.91,484.158,475.445,477.719,3707146.0,2834383388.3058,0.023789010158878836
2025-03-12,XOM,109.05,110.13,108.42,109.13,14051500.0,1857009148.9039998,0.017491056275772677
2025-03-13,AAPL,215.214,216.101,207.71,208.965,61578180.0,11945855525.96595,0.018343066689339996
2025-03-13,AMZN,198.165,198.8799,191.82,193.89,41270761.0,9414952353.078,0.017498621873615772
2025-03-13,GOOGL,166.035,166.13,162.11,162.76,31756214.0,5697306710.2994995,0.018095460289057157
2025-03-13,HD,362.0,362.0,345.26,347.25,7062396.0,1591903544.2605,0.01663793721643501
2025-03-13,JNJ,163.34,164.54,162.6601,162.99,5286734.0,1610911569.2265,0.011309221002252259
2025-03-13,JPM,228.925,229.5,224.23,225.19,16467851.0,2890884096.092,0.017385546162763218
2025-03-13,META,620.245,620.5,586.51,590.64,16480324.0,10886497226.13175,0.02303236664970388
2025-03-13,MSFT,383.155,385.32,377.45,378.77,20473017.0,9959903944.637,0.014663848360106039
2025-03-13,NVDA,117.03,117.76,113.79,115.58,299033131.0,36011157916.3995,0.04183151183144875
2025-03-13,PG,167.7,169.29,167.2779,168.59,6609126.0,1449937019.3425,0.015892954297138724
2025-03-13,UNH,476.17,480.648,471.652,478.126,2897467.0,2801882915.591,0.023751399113007728
2025-03-13,XOM,108.33,110.82,107.625,108.67,17767836.0,1855625360.975,0.015120158665160588
2025-03-14,AAPL,210.53,213.221,208.867,212.762,60313121.0,11939999454.94085,0.018235218865921173
2025-03-14,AMZN,197.41,198.65,195.32,197.95,38096663.0,9430949276.6485,0.018416340600594234
2025-03-14,GOOGL,163.27,166.49,162.45,165.49,31995894.0,5762863453.6415,0.01827787237966156
2025-03-14,HD,350.455,351.39,345.42,351.31,5510696.0,1625437820.48,0.01655472008883879
2025-03-14,JNJ,162.0,163.15,161.1,162.81,6235797.0,1577505406.7925,0.011066156079398745
2025-03-14,JPM,228.12,233.143,227.58,232.44,11962108.0,2913871731.996,0.01960242114933428
2025-03-14,META,602.805,608.86,594.78,607.6,12364505.0,10804265024.639751,0.02443041383019121
2025-03-14,MSFT,379.775,390.23,379.51,388.56,19952846.0,9857122274.488,0.016028288846787263
2025-03-14,NVDA,118.61,121.88,118.15,121.67,277593455.0,36364382634.0045,0.04306029554193579
2025-03-14,PG,167.79,168.59,166.62,167.97,6790624.0,1452854225.8915,0.015776387350212997
2025-03-14,UNH,477.386,486.0,474.869,485.206,3943709.0,2822262279.7149,0.02400147950529812
2025-03-14,XOM,108.94,112.18,108.31,111.9,15890063.0,1860946032.9720001,0.016410622666272284
2025-03-17,AAPL,212.583,214.486,209.254,213.271,48237813.0,11954223777.595798,0.017819604149594763
2025-03-17,AMZN,198.77,199.0,194.3247,195.74,47341752.0,9585209589.0165,0.018435606464660286
2025-03-17,GOOGL,165.03,166.3,163.67,164.29,31184335.0,5829643974.2235,0.018279973778781947
2025-03-17,HD,351.655,355.55,350.96,354.13,3681459.0,1629108566.1635,0.01693236428946513
2025-03-17,JNJ,161.85,163.5,161.73,162.84,6669815.0,1581750599.7225,0.010880827566454926
2025-03-17,JPM,231.165,235.6695,230.455,233.93,9586025.0,2947323806.312,0.019776448411000857
2025-03-17,META,607.46,613.1,598.0,604.9,15473909.0,10649741247.30325,0.02400785261742823
2025-03-17,MSFT,386.7,392.705,385.57,388.7,22474272.0,9829147778.231998,0.016030065865531604
2025-03-17,NVDA,122.74,122.89,118.03,119.53,255501481.0,36534270410.7285,0.04252823159067767
2025-03-17,PG,168.37,171.09,168.13,169.76,9931678.0,1429814050.1845002,0.011479999764020353
2025-03-17,UNH,483.766,497.079,482.52,495.503,5188891.0,2853829066.66315,0.024479283413650577
2025-03-17,XOM,111.8,114.495,111.73,113.76,19908789.0,1889037365.8560002,0.016737005524329236
2025-03-18,AAPL,213.431,214.416,210.77,211.965,42577524.0,11808689011.664799,0.017764726983710594
2025-03-18,AMZN,192.52,194.0,189.38,192.82,40414867.0,9487833627.041,0.018507247113733142
2025-03-18,GOOGL,163.675,164.25,156.72,160.67,42074751.0,5892762118.1445,0.018634464487509047
2025-03-18,HD,353.5,353.89,347.59,349.57,3008238.0,1601146542.909,0.01688390215547201
2025-03-18,JNJ,163.28,164.86,162.965,164.25,7348974.0,1567161292.276,0.010728547443051602
2025-03-18,JPM,234.32,236.17,233.52,234.97,10344866.0,2958003092.0080004,0.019432314880781457
2025-03-18,META,600.05,600.25,574.66,582.36,20297708.0,10454958475.44175,0.024484782631322085
2025-03-18,MSFT,387.07,387.37,381.1,383.52,19486850.0,9764040683.25,0.01615919593416248
2025-03-18,NVDA,118.0,119.02,114.54,115.43,299686944.0,36736252517.834496,0.042887743978486034
2025-03-18,PG,170.07,170.26,167.58,167.71,6100242.0,1422441134.084,0.011439354863452536
2025-03-18,UNH,498.7,502.403,494.311,500.249,3643309.0,2725655732.3882,0.02252855867998256
2025-03-18,XOM,114.09,114.54,112.57,113.64,15998713.0,1869469992.036,0.01637668984498059
2025-03-19,AAPL,213.489,218.015,213.021,214.506,54571362.0,11999691779.03365,0.0181693000236225
2025-03-19,AMZN,193.38,195.965,191.96,195.54,39442878.0,9549762982.213501,0.019085180419331403
2025-03-19,GOOGL,161.76,165.87,161.0,163.89,34275582.0,5992537544.997499,0.019304579770012542
2025-03-19,HD,352.25,354.4263,348.985,353.42,2990191.0,1579249661.269,0.017069724561704497
2025-03-19,JNJ,163.95,164.36,162.21,162.99,5936637.0,1552585362.1555,0.010303517599204394
2025-03-19,JPM,235.84,242.33,234.89,239.11,10120588.0,2981161081.6419997,0.020264311361791364
2025-03-19,META,584.28,592.3223,574.77,584.06,20537498.0,10437667791.55575,0.024580154083532174
2025-03-19,MSFT,385.525,389.68,384.0,387.82,19185532.0,9635975059.7775,0.01609472539908081
2025-03-19,NVDA,117.27,120.445,115.68,117.52,273426225.0,37176603110.165504,0.04327640902787767
2025-03-19,PG,167.87,168.745,167.11,168.57,7569165.0,1420384195.223,0.011409568979405236
2025-03-19,UNH,502.066,502.781,496.535,499.653,3341157.0,2697201017.4363503,0.022040986820134695
2025-03-19,XOM,114.2,115.815,113.83,115.41,17315001.0,1908915895.8364997,0.016667678746676802
2025-03-20,AAPL,213.261,216.749,211.497,213.371,49030034.0,12125546664.1096,0.018013333825828533
2025-03-20,AMZN,193.07,199.32,192.3,194.95,38921113.0,9594807976.421001,0.018975026707207493
2025-03-20,GOOGL,161.57,164.89,160.96,162.8,28138464.0,6032950830.6215,0.019298717678782325
2025-03-20,HD,354.8,361.7665,352.2,355.52,3391223.0,1586186066.285,0.017245910944792144
2025-03-20,JNJ,162.56,163.2,161.925,163.02,7485930.0,1555926522.0655,0.010049835727641437
2025-03-20,JPM,236.53,241.76,236.2,239.01,8328513.0,2895976385.1085,0.018328115945235597
2025-03-20,META,582.755,610.2,579.51,586.0,24336505.0,10713415659.31975,0.024713691283498034
2025-03-20,MSFT,385.735,391.785,383.28,386.84,18470542.0,9504097934.009499,0.016023338018940823
2025-03-20,NVDA,116.55,120.2,116.47,118.53,248829749.0,37643176066.9075,0.04331769332504561
2025-03-20,PG,169.16,169.205,166.03,167.55,8789167.0,1442493016.105,0.011470998968292425
2025-03-20,UNH,501.44,510.764,499.961,507.696,5000638.0,2720032158.48415,0.02197116143518799
2025-03-20,XOM,114.72,116.47,114.2125,115.9,16230772.0,1911548722.7765,0.016393587466097655
2025-03-21,AAPL,210.839,218.094,210.56,217.526,94449639.0,12499678351.2943,0.01891706661052903
2025-03-21,AMZN,192.9,196.99,192.52,196.21,60056917.0,9584894388.9995,0.018460404075342055
2025-03-21,GOOGL,161.205,164.24,160.8901,163.99,36625764.0,6017069018.602499,0.01888882289358284
2025-03-21,HD,352.0,353.39,346.275,351.15,8205413.0,1628399012.3925002,0.016781397661774007
2025-03-21,JNJ,162.705,164.13,162.48,163.63,17047106.0,1593579082.8545,0.0094121981309925
2025-03-21,JPM,237.81,242.3,236.5,241.63,19326865.0,2959890406.614,0.01864958666219578
2025-03-21,META,583.425,597.545,580.95,596.25,25015864.0,10923969321.80725,0.025279691701212727
2025-03-21,MSFT,383.215,391.74,382.8,391.26,39675928.0,9718483203.484,0.0159185557086825
2025-03-21,NVDA,116.94,117.99,115.42,117.7,266498528.0,37677555406.61,0.042611587373861594
2025-03-21,PG,167.14,168.14,164.12,166.69,16027251.0,1492542661.7845001,0.01071389331854053
2025-03-21,UNH,508.073,515.342,501.53,513.207,10317668.0,2521518878.4165,0.01375768884722629
2025-03-21,XOM,115.5,115.99,114.35,115.5,41102795.0,2067504951.9190001,0.016136907175351142
2025-03-24,AAPL,220.247,220.725,217.836,219.978,44450965.0,12354269407.762651,0.019104738937285336
2025-03-24,AMZN,200.0,203.64,199.95,203.26,41625365.0,9557119813.227001,0.020280288362706136
2025-03-24,GOOGL,167.065,168.32,165.14,167.68,30879129.0,6008286825.1425,0.019822526123416704
2025-03-24,HD,354.565,364.43,354.28,363.77,4023527.0,1592169825.513,0.019032469402009148
2025-03-24,JNJ,162.87,164.39,162.5,163.29,8046565.0,1575752168.318,0.009212876872719203
2025-03-24,JPM,245.48,248.69,244.41,248.06,9422650.0,2941218797.247,0.019799445954480313
2025-03-24,META,614.97,622.54,612.2001,618.85,15741274.0,10887332152.1155,0.02682627675785435
2025-03-24,MSFT,395.4,395.4,389.81,393.08,21004548.0,9597144738.676,0.015858720567961913
2025-03-24,NVDA,119.88,122.22,119.34,121.41,228452534.0,37426879787.839,0.04295775980814746
2025-03-24,PG,166.43,166.8699,165.36,165.65,6102109.0,1470057665.5379999,0.010753898571154585
2025-03-24,UNH,511.866,514.592,507.517,512.859,3868347.0,2461044004.2795496,0.013326640402206363
2025-03-24,XOM,115.68,116.91,115.58,115.8,14207469.0,2076586861.5204997,0.016121975532220584
2025-03-25,AAPL,220.018,223.336,219.33,222.988,34611534.0,12147110012.82035,0.01955706103731965
2025-03-25,AMZN,203.595,206.21,203.22,205.71,31171161.0,9250417914.4125,0.020520963436355358
2025-03-25,GOOGL,168.98,170.63,168.315,170.56,24174373.0,5846823350.2055,0.01981242957394774
2025-03-25,HD,361.9,363.65,358.54,360.99,2799657.0,1508513692.3135,0.01762213025652393
2025-03-25,JNJ,163.55,164.19,160.555,161.02,7456197.0,1533605958.6285,0.009045316523585888
2025-03-25,JPM,249.08,251.82,247.6247,251.13,9287694.0,2934179117.028,0.019827193998766413
2025-03-25,META,626.76,633.88,621.18,626.31,15312540.0,10690295610.2355,0.026873085393475347
2025-03-25,MSFT,393.915,396.36,392.64,395.16,15774968.0,9324164193.63,0.015574399029488976
2025-03-25,NVDA,120.545,121.29,118.92,120.69,167447198.0,36718789020.473495,0.04255265750173185
2025-03-25,PG,165.3,165.37,162.195,162.85,8366736.0,1475038318.998,0.010773243450551839
2025-03-25,UNH,514.627,515.342,507.924,509.811,3036546.0,2324401449.14775,0.013195594396599421
2025-03-25,XOM,116.43,117.635,115.9628,116.59,12081795.0,2067480092.4870002,0.01570189876878518
2025-03-26,AAPL,222.748,224.253,219.718,220.775,34650741.0,11995608057.373852,0.018894100689933125
2025-03-26,AMZN,205.835,206.01,199.925,201.13,32990973.0,9162916571.7345,0.020915757521041335
2025-03-26,GOOGL,169.0,169.61,164.84,165.06,28939326.0,5779657461.6015,0.02078383591652528
2025-03-26,HD,360.39,364.73,360.12,362.13,3141372.0,1489804821.7555,0.017679773368914145
2025-03-26,JNJ,161.18,162.49,160.64,161.72,7223773.0,1499091059.9665,0.008232190978810653
2025-03-26,JPM,252.6,254.67,249.78,251.03,12785225.0,3017745850.5080004,0.01977031357361547
2025-03-26,META,624.89,626.7499,606.61,610.98,12661891.0,10589051690.469501,0.026545003913927327
2025-03-26,MSFT,395.0,395.31,388.57,389.97,16132906.0,9246617437.15,0.015788300632218033
2025-03-26,NVDA,118.73,118.84,112.71,113.76,296431667.0,36287649107.2735,0.043299977659804346
2025-03-26,PG,163.35,166.82,162.99,166.58,7757259.0,1492377943.0440001,0.012133768226897748
2025-03-26,UNH,511.37,519.264,509.235,514.547,3278132.0,2290329497.1234503,0.012430387955286332
2025-03-26,XOM,117.68,119.18,117.68,118.27,14112756.0,2093762700.5279999,0.015836957874542812
2025-03-27,AAPL,220.635,224.223,219.808,223.088,37221620.0,11922505623.665651,0.019035218409201683
2025-03-27,AMZN,200.89,203.79,199.2821,201.36,27317661.0,9014745347.155499,0.02020050984628208
2025-03-27,GOOGL,164.63,165.42,162.0,162.24,24508273.0,5641544270.8025,0.020426178665730706
2025-03-27,HD,361.93,365.21,361.15,362.73,3036580.0,1489749346.5084999,0.01770665002285452
2025-03-27,JNJ,162.35,164.065,161.32,163.13,6752466.0,1485690972.031,0.008430139970920155
2025-03-27,JPM,249.525,250.64,247.18,248.12,8022517.0,3011005096.6425,0.019892162140580046
2025-03-27,META,602.0,614.25,600.1,602.58,10436524.0,10492093294.2095,0.026287637926043887
2025-03-27,MSFT,390.13,392.24,387.395,390.58,13766761.0,9100811478.859999,0.015284514803399697
2025-03-27,NVDA,111.35,114.45,110.66,111.43,236902055.0,34945170011.861,0.03936927655854812
2025-03-27,PG,167.87,169.03,166.62,168.71,6211735.0,1497769335.084,0.012492388316206172
2025-03-27,UNH,512.646,517.407,509.334,512.085,2842193.0,2264311302.07965,0.012594473645673567
2025-03-27,XOM,118.1,119.07,117.258,117.89,12740786.0,2084636113.3075001,0.015906833322636607
2025-03-28,AAPL,220.915,223.048,216.939,217.157,39954777.0,11669102019.2386,0.019015820412803395
2025-03-28,AMZN,198.42,199.26,191.881,192.72,52548226.0,8971594836.3735,0.021686098167326365
2025-03-28,GOOGL,160.49,161.82,153.63,154.33,48669335.0,5607317563.92,0.022729781966093213
2025-03-28,HD,362.595,363.2,356.17,358.15,2980206.0,1458563931.1735,0.01718271532396464
2025-03-28,JNJ,163.59,164.52,162.91,163.71,5760545.0,1433523201.9635,0.008267292680218011
2025-03-28,JPM,246.94,249.505,241.11,242.85,11978417.0,3017946780.2699995,0.019523122749825345
2025-03-28,META,600.31,601.75,573.92,576.74,17602823.0,10413889348.1805,0.02724007212064756
2025-03-28,MSFT,388.08,389.13,376.93,378.8,21632016.0,8858551973.428999,0.016418201732433378
2025-03-28,NVDA,111.485,112.87,109.0701,109.67,229872549.0,33775412842.6325,0.038136709888362416
2025-03-28,PG,169.38,169.71,167.62,168.03,5479306.0,1454797044.6950002,0.01219519975996512
2025-03-28,UNH,513.227,517.308,511.42,512.403,2395988.0,2179733989.6551,0.012464678655168496
2025-03-28,XOM,118.1,118.46,117.235,117.73,10233433.0,2040104418.4395,0.015848506620276013
2025-03-31,AAPL,216.265,224.852,215.493,221.373,65522613.0,11832788285.8966,0.019588960798488233
2025-03-31,AMZN,188.19,191.33,184.4,190.26,63547558.0,9135858225.4305,0.020651037216850285
2025-03-31,GOOGL,153.11,155.54,150.662,154.64,54603464.0,5689057896.492499,0.02250912299737335
2025-03-31,HD,353.495,368.74,352.65,366.49,4498842.0,1474803378.943,0.01801767051193241
2025-03-31,JNJ,164.29,166.63,164.23,165.84,12481400.0,1460141565.8674998,0.008207217242754338
2025-03-31,JPM,238.6542,245.86,237.3643,245.3,13602996.0,3066748727.693,0.019584750672275816
2025-03-31,META,563.5,578.7,553.3,576.36,21124677.0,10667499942.309002,0.02710495398247425
2025-03-31,MSFT,372.535,377.07,367.24,375.39,35184676.0,9072037175.924,0.015880213134398496
2025-03-31,NVDA,105.13,110.955,103.65,108.38,299212653.0,33050738239.0205,0.0330883974669656
2025-03-31,PG,168.1015,171.14,168.1015,170.42,11520451.0,1486101910.851,0.012438001545554423
2025-03-31,UNH,515.515,524.397,514.935,520.058,5275858.0,2183807949.6061,0.011623664634350557
2025-03-31,XOM,117.79,119.905,117.79,118.93,21652345.0,2068067423.9299998,0.013595675104262664
